{
    "az": {
        "navbar-notification-header": "Bildirişlər",
        "hours": "Saat",
        "minutes": "Dəqiqə",
        "days": "Gün",
        "weeks": "Həftə",
        "yesterday": "Dünən",
        "before": "əvvəl",
        "economy": "Iqtisadiyyat",
        "my-profile": "Profilim",
        "language": "Dil",
        "appearance": "Görünüş",
        "settings": "Ayarlar",
        "help-center": "Yardım Mərkəzi",
        "dark": "Tünd",
        "light": "Açıq",
        "auto": "Avtomatik"
    },
    "ru": {
        "navbar-notification-header": "Уведомления",
        "hours": "Часы",
        "minutes": "Минуты",
        "days": "Дни",
        "weeks": "Недели",
        "yesterday": "Вчера",
        "before": "назад",
        "economy": "Экономика",
        "my-profile": "Мой профиль",
        "language": "Язык",
        "appearance": "Внешний вид",
        "settings": "Настройки",
        "help-center": "Центр помощи",
        "dark": "Темный",
        "light": "Светлый",
        "auto": "Автоматический"
    },
    "tr": {
        "navbar-notification-header": "Bildirimler",
        "hours": "Saat",
        "minutes": "Dakika",
        "days": "Gün",
        "weeks": "Hafta",
        "yesterday": "Dün",
        "before": "önce",
        "economy": "Ekonomi",
        "my-profile": "Profilim",
        "language": "Dil",
        "appearance": "Görünüm",
        "settings": "Ayarlar",
        "help-center": "Yardım Merkezi",
        "dark": "Koyu",
        "light": "Açık",
        "auto": "Otomatik"
    },
    "en": {
        "navbar-notification-header": "Notifications",
        "hours": "Hours",
        "minutes": "Minutes",
        "days": "Days",
        "weeks": "Weeks",
        "yesterday": "Yesterday",
        "before": "before",
        "economy": "Economy",
        "my-profile": "My Profile",
        "language": "Language",
        "appearance": "Appearance",
        "settings": "Settings",
        "help-center": "Help Center",
        "dark": "Dark",
        "light": "Light",
        "auto": "Automatic"
    }
    
}
