{
    "az": {
        "my-profile": "Profilim",
        "change-image": "Şəkli dəyişdir",
        "studies": "Təhsil alır",
        "birth-date": "Doğum Tarixi",
        "citizenship": "Vətəndaşlıq",
        "gender": "Cinsiyyət",
        "corporative-email": "Korporativ e-mail",
        "email": "E-mail",
        "email-password": "E-mail şifrəsi",
        "entry-info": "Giriş məlumatları",
        "username": "İstifadəçi adı",
        "cancel": "Ləğv et",
        "submit": "Saxla",
        "birlab": "© 2025 Unec & Birlab | Bütün Hüquqlar Qorunur",
        "digital-economics": "Rəqəmsal İqtisadiyyat",
        "it": "584-2 • İnformasiya Təhlükəsizliyi"
    },
    "ru": {
        "my-profile": "Мой профиль",
        "change-image": "Изменить изображение",
        "studies": "Учёба",
        "birth-date": "Дата рождения",
        "citizenship": "Гражданство",
        "gender": "Пол",
        "corporative-email": "Корпоративная почта",
        "email": "Электронная почта",
        "email-password": "Пароль для электронной почты",
        "entry-info": "Вход",
        "username": "Имя пользователя",
        "cancel": "Отмена",
        "submit": "Сохранить",
        "birlab": "© 2025 Unec & Birlab | Все права защищены",
        "digital-economics": "Цифровая экономика",
        "it": "584-2 • Информационная безопасность"
    },
    "tr": {
        "my-profile": "Profilim",
        "change-image": "Fotoğrafı değiştir",
        "studies": "Okul",
        "birth-date": "Doğum Tarihi",
        "citizenship": "Vatandaşlık",
        "gender": "Cinsiyet",
        "corporative-email": "Kurumsal e-posta",
        "email": "E-posta",
        "email-password": "E-posta şifresi",
        "entry-info": "Giriş bilgileri",
        "username": "Kullanıcı adı",
        "cancel": "İptal",
        "submit": "Kaydet",
        "birlab": "© 2025 Unec & Birlab | Tüm Hakları Saklıdır",
        "digital-economics": "Dijital Ekonomi",
        "it": "584-2 • Bilgi Güvenliği"
    },
    "en": {
        "my-profile": "My Profile",
        "change-image": "Change Image",
        "studies": "Studies",
        "birth-date": "Birth Date",
        "citizenship": "Citizenship",
        "gender": "Gender",
        "corporative-email": "Corporate Email",
        "email": "Email",
        "email-password": "Email Password",
        "entry-info": "Login Information",
        "username": "Username",
        "cancel": "Cancel",
        "submit": "Save",
        "birlab": "© 2025 Unec & Birlab | All Rights Reserved",
        "digital-economics": "Digital Economics",
        "it": "584-2 • Information Security"
    }
}