{
    "az": {
      "sidebar-academic-calendar": "Akademik təqvim",
      "sidebar-schedule": "Dərs cədvəli",
      "sidebar-zoom-schedule": "Zoom cədvəli",
      "sidebar-exam-schedule": "İmtahan cədvəli",
      "sidebar-exam-results": "İmtahan nəticələri",
      "sidebar-exam-tests": "İmtahan sualları",
      "sidebar-e-journal": "Elektron jurnal",
      "sidebar-appeal": "Apellyasiya",
      "sidebar-certification": "Sertifikatlaşdırma",
      "sidebar-independent-works": "Sərbəst işlər",
      "sidebar-homeworks": "Ev tapşırığı",
      "sidebar-distant-education": "Distant təhsil",
      "sidebar-distant-examination": "Distant imtahan",
      "sidebar-materials": "Tədris materialları",
      "sidebar-e-library": "E-kitabxana",
      "sidebar-online-appeal": "Online müraciət",
      "sidebar-rules": "Qaydalar",
      "sidebar-the-window-service": "Bir pəncərə xidməti",
      "sidebar-teacher-assessment-form": "Məmnunluq anketi",
      "sidebar-discussion-panel": "Məsləhət-müzakirə paneli",
      "sidebar-education-student-credit-fund": "Təhsil tələbə kredit fondu",
      "sidebar-minor-program": "Minor programı",
      "sidebar-udid-program": "UDID programı",
      "sidebar-header-calendar-and-schedules": "Təqvim və cədvəllər",
      "sidebar-header-exams": "İmtahanlar",
      "sidebar-header-academic-works": "Akademik işlər",
      "sidebar-header-tasks": "Tapşırıqlar",
      "sidebar-header-distant-education": "Distant təhsil",
      "sidebar-header-educational-resources": "Tədris resursları",
      "sidebar-header-services": "Xidmətlər",
      "sidebar-header-student-help": "Tələbə dəstəyi",
      "sidebar-header-finance-and-programs": "Maliyyə və proqramlar",
      "exit-account": "Hesabdan çıx"
    },
    "en": {
      "sidebar-academic-calendar": "Academic calendar",
      "sidebar-schedule": "Class schedule",
      "sidebar-zoom-schedule": "Zoom schedule",
      "sidebar-exam-schedule": "Exam schedule",
      "sidebar-exam-results": "Exam results",
      "sidebar-exam-tests": "Exam questions",
      "sidebar-e-journal": "E-journal",
      "sidebar-appeal": "Appeal",
      "sidebar-certification": "Certification",
      "sidebar-independent-works": "Independent works",
      "sidebar-homeworks": "Homework",
      "sidebar-distant-education": "Distance education",
      "sidebar-distant-examination": "Distance exam",
      "sidebar-materials": "Teaching materials",
      "sidebar-e-library": "E-library",
      "sidebar-online-appeal": "Online appeal",
      "sidebar-rules": "Rules",
      "sidebar-the-window-service": "One-stop service",
      "sidebar-teacher-assessment-form": "Satisfaction survey",
      "sidebar-discussion-panel": "Consultation-discussion panel",
      "sidebar-education-student-credit-fund": "Student credit fund",
      "sidebar-minor-program": "Minor program",
      "sidebar-udid-program": "UDID program",
      "sidebar-header-calendar-and-schedules": "Calendar and schedules",
      "sidebar-header-exams": "Exams",
      "sidebar-header-academic-works": "Academic works",
      "sidebar-header-tasks": "Tasks",
      "sidebar-header-distant-education": "Distance education",
      "sidebar-header-educational-resources": "Educational resources",
      "sidebar-header-services": "Services",
      "sidebar-header-student-help": "Student support",
      "sidebar-header-finance-and-programs": "Finance and programs",
      "exit-account": "Exit account"
    },
    "ru": {
      "sidebar-academic-calendar": "Академический календарь",
      "sidebar-schedule": "Расписание занятий",
      "sidebar-zoom-schedule": "Расписание Zoom",
      "sidebar-exam-schedule": "Расписание экзаменов",
      "sidebar-exam-results": "Результаты экзаменов",
      "sidebar-exam-tests": "Экзаменационные вопросы",
      "sidebar-e-journal": "Электронный журнал",
      "sidebar-appeal": "Апелляция",
      "sidebar-certification": "Сертификация",
      "sidebar-independent-works": "Самостоятельные работы",
      "sidebar-homeworks": "Домашнее задание",
      "sidebar-distant-education": "Дистанционное обучение",
      "sidebar-distant-examination": "Дистанционный экзамен",
      "sidebar-materials": "Учебные материалы",
      "sidebar-e-library": "Электронная библиотека",
      "sidebar-online-appeal": "Онлайн апелляция",
      "sidebar-rules": "Правила",
      "sidebar-the-window-service": "Единое окно",
      "sidebar-teacher-assessment-form": "Анкета удовлетворенности",
      "sidebar-discussion-panel": "Консультационно-дискуссионная панель",
      "sidebar-education-student-credit-fund": "Фонд студенческого кредита",
      "sidebar-minor-program": "Минор программа",
      "sidebar-udid-program": "Программа UDID",
      "sidebar-header-calendar-and-schedules": "Календарь и расписания",
      "sidebar-header-exams": "Экзамены",
      "sidebar-header-academic-works": "Академические работы",
      "sidebar-header-tasks": "Задания",
      "sidebar-header-distant-education": "Дистанционное обучение",
      "sidebar-header-educational-resources": "Учебные ресурсы",
      "sidebar-header-services": "Услуги",
      "sidebar-header-student-help": "Поддержка студентов",
      "sidebar-header-finance-and-programs": "Финансы и программы",
      "exit-account": "Выйти из учетной записи"
    },
    "tr": {
      "sidebar-academic-calendar": "Akademik takvim",
      "sidebar-schedule": "Ders programı",
      "sidebar-zoom-schedule": "Zoom programı",
      "sidebar-exam-schedule": "Sınav programı",
      "sidebar-exam-results": "Sınav sonuçları",
      "sidebar-exam-tests": "Sınav soruları",
      "sidebar-e-journal": "E-dergi",
      "sidebar-appeal": "İtiraz",
      "sidebar-certification": "Sertifikasyon",
      "sidebar-independent-works": "Bağımsız çalışmalar",
      "sidebar-homeworks": "Ev ödevi",
      "sidebar-distant-education": "Uzaktan eğitim",
      "sidebar-distant-examination": "Uzaktan sınav",
      "sidebar-materials": "Eğitim materyalleri",
      "sidebar-e-library": "E-kütüphane",
      "sidebar-online-appeal": "Çevrimiçi itiraz",
      "sidebar-rules": "Kurallar",
      "sidebar-the-window-service": "Tek durak hizmeti",
      "sidebar-teacher-assessment-form": "Memnuniyet anketi",
      "sidebar-discussion-panel": "Danışma-tartışma paneli",
      "sidebar-education-student-credit-fund": "Öğrenci kredi fonu",
      "sidebar-minor-program": "Yan dal programı",
      "sidebar-udid-program": "UDID programı",
      "sidebar-header-calendar-and-schedules": "Takvim ve programlar",
      "sidebar-header-exams": "Sınavlar",
      "sidebar-header-academic-works": "Akademik çalışmalar",
      "sidebar-header-tasks": "Görevler",
      "sidebar-header-distant-education": "Uzaktan eğitim",
      "sidebar-header-educational-resources": "Eğitim kaynakları",
      "sidebar-header-services": "Hizmetler",
      "sidebar-header-student-help": "Öğrenci desteği",
      "sidebar-header-finance-and-programs": "Finans ve programlar",
      "exit-account": "Hesaptan çık"
    }
} 