{
    "az": {
        "transcript-text": "Transkript",
        "filter-text": "Filtrlər",
        "semestr-text": "Semestr",
        "object-text": "Fənn",
        "object-1": "Riyazi analiz",
        "object-2": "Proqramlaşdırmanın əsasları",
        "object-3": "Azərbaycan tarixi",
        "object-4": "Mülki müdafiə",
        "object-5": "İnformasiya təhlükəsizliyinin əsasları",
        "object-6": "XDİAK B1",
        "clean-filter-text": "Filtri Təmizlə",
        "syllabus-text": "Sillabus",
        "info-text": "İnformasiya",
        "upload-text": "Yüklə",
        "no-data-text": "Sorğunuza uyğun Nəticə tapılmadı",
        "select-object-text": "Mövzu seçin",
        "select-file-text": "Fayl Seçin",
        "cancel-text": "İmtina et",
        "ok-text": "Təsdiq et",
        "object-header": "Mövzu",
        "download-text": "Endir",
        "lecture-text": "Mühazirə",
        "seminar-text": "Seminar",
        "presentation-text": "Təqdimat",
        "test-text": "Test",
        "other-text": "Digər",
        "online": "Onlayn",
        "year": "İl",
        "semester": "Semestr",
        "II semester": "II Semestr",
        "I semester": "I Semestr",
        "subject": "Fənn",
        "exam-date": "İmtahan Tarixi",
        "start-time": "Başlama Vaxtı",
        "end-time": "Bitmə Vaxtı",
        "entry-score": "Giriş Balı",
        "password": "Şifrə",
        "exam-type": "İmtahan Növü",
        "status": "Status",
        "blocked": "Bloklanıb",
        "last-exam-2": "Yekun imtahan 2",
        "last-exam": "Yekun imtahan",
        "last-exam-1": "Yekun imtahan 1",
        "last-exam-3": "Yekun imtahan 3",
        "midterm-1": "Ara imtahan 1",
        "midterm-2": "Ara imtahan 2",
        "midterm-3": "Ara imtahan 3",
        "midterm-score": "kollokvium balı",
        "exam-form": "Keçirilmə Forması",
        "written-exam": "Yazılı",
        "test-exam": "Elektron",
        "exam-score": "İmtahan Balı",
        "exam-result": "Nəticə",
        "appeal-type": "Şikayətin tipi",
        "appeal-subtype": "Şikayətin alt tipi",
        "appeal-status": "Şikayətin statusu",
        "category": "Kateqoriya",
        "note": "Qeyd",
        "score-till-exam": "İmtahana qədər bal",
        "from-question": "Sualdan",
        "increased-1point": "1 bal artırılıb",
        "increased-2point": "2 bal artırılıb",
        "unreasonable": "Əsassız",
        "upload-text1": "Ərizə",
        "education-year": "Tədris ili",
        "exams": "İmtahanlar",
        "test-written": "test-yazılı",
        "test": "test",
        "written": "yazılı",
        "group-by-subject": "Fənn üzrə qrup",
        "technical": "texniki",
        "last-score": "Yekun bal",
        "document-no": "Sənəd nömrəsi",
        "course-name": "Kurs adı",
        "choose-subject": "Fənn seçin",
        "deadline": "Son göndərilmə tarixi",
        "upload-date": "Göndərilmə tarixi",
        "mark-date": "Qiymətləndirmə tarixi",
        "valuating": "Qiymətləndirilir",
        "choose-theme": "Mövzu seçin",
        "comment": "Şərh",
        "teacher": "Müəllim",
        "lesson-type": "Dərs növü",
        "start-date": "Başlama tarixi",
        "video-record": "Video yazı",
        "theme-1": "Mobil tətbiq təkmilləşdirmə mütəxəssisi (Android)",
        "theme-2": "Matrisler üzerinde iş.Matrisin tersinin hesablanması.",
        "theme-3": "Azərbaycan ərazisində ibtidai icma quruluşu.",
        "theme-4": "Müxtəlif ölkələrin mədəniyyətləri",
        "comment-1": "Edilən araşdırma uğurlu olub",
        "comment-2": "ugurlar",
        "comment-3": "Çox yaxşı araşdırmadır.",
        "group": "Qrup",
        "lecture-start-date": "Mühazirə başlanma tarixi",
        "lecture-start-time": "Mühazirə başlanma vaxtı",
        "lecture-end-date": "Mühazirə bitmə tarixi",
        "lecture-link": "Mühazirə linki",
        "theme-11": "Mülki müdafiənin yaranma tarixi, rolu və vəzifələri",
        "theme-12": "Fövqəladə halların təsnifatı və onların qısa xarakteristikası",
        "theme-13": "Müasir (kütləvi) qırğın silahları. Nüvə silahı və onun zədələyici amilləri",
        "theme-14": "Kimyəvi və bioloji silahlar və onlardan mühafizə üsulları",
        "theme-15": "Fövqəlada hallar komissiyası. Fövqəlada halların nəticələrinin aradan qaldırılması üçün Dövlət Sisteminin rolu və vəzifələri",
        "theme-16": "Hərbiləşdirilməmiş mülki müdafiə dəstələri",
        "theme-17": "Fövqəlada hallar zamanı əhalinin mühafizəsinin təşkili. Kollektiv mühafizə qurğuları və onlardan istifadə qaydaları",
        "theme-18": "Fərdi mühafizə vasitələri və onlardan istifadə qaydaları. Fövqəlada hallar zamanı əhalinin köçürülməsi (təxriyyə)",
        "taf-1": "Fənni tədris edən müəllim tərəfindən I tədris həftəsində sillabus təqdim edildi və ona aid bütün məlumatlar tam izah edildi",
        "taf-2": "Kollokvium və imtahanlardan müvəffəq qiymət almaqda müəllimin keçdiyi dərsin əhəmiyyətli olduğuna inanıram",
        "taf-3": "Müəllim dərsi səlis və aydın şəkildə izah edir",
        "taf-4": "Müəllim interaktiv metodlardan (keys, prezentasiya, sinkveyn, skeçlər v.s) istifadə edir",
        "taf-5": "Müəllim tələbələrə dərsdən kənar vaxtlarda da köməklik edir",
        "taf-6": "Müəllim tələbələrin dərsdə aktiv iştirakına şərait yaradır",
        "taf-7": "Müəllim tələbələrlə ünsiyyəti qarşılıqlı hörmət və ehtiram əsasında qurur",
        "taf-8": "Müəllimi digər tələbələrə tövsiyyə edirəm",
        "taf-9": "Müəllimin təqdim etdiyi dərs materialları (mühazirə mətni, prezentasiya və.s) yenidir",
        "taf-10": "Müəllimin verdiyi tapşırıqların, sərbəst işlərin mənə faydalı olduğunu düşünürəm",
        "discussion-channels": "Müzakirə kanallar",
        "subweek": "Alt Həftə",
        "mainweek": "Normal Həftə",
        "topweek": "Üst Həftə",
        "object-7": "XDİAK A1",
        "object-8": "XDİAK A2",
        "object-9": "Alqoritmin qurulması və analiz",
        "object-10": "ADİAK",
        "object-11": "Kibertəhlükəsizliyin əsasları",
        "object-12": "Xətti cəbr",
        "object-13": "Şəbəkənin əsasları",
        "credit": "Kredit",
        "valuation": "Qiymətləndirmə",
        "date": "Tarix",
        "theme": "Mövzu",
        "mark": "Qiymət",
        "form": "Forma",
        "midterm-average": "Ara imtahan orta balı",
        "seminar-average": "Seminarın orta balı",
        "independent-works": "Sərbəst iş",
        "lab-work": "Laboratoriya işi",
        "course-work": "Kurs işi",
        "current-rating": "Cari qiymətləndirmə",
        "attendance-percentage": "Qaib faizi",
        "seminar-max-score": "Maksimum bal (Seminar)",
        "midterm-max-score": "Maksimum bal (Ara imtahanı)",
        "midterm-question-number": "Ara imtahanında sual sayı",
        "final-till-exam": "İmtahana qədər yekun",
        "exam-max-score": "Maksimum bal (İmtahan)",
        "lab-text": "Laboratoriya",
        "object-text-all": "Bütün Fənlər"
        
    },
    "ru": {
        "transcript-text": "Транскрипт",
        "filter-text": "Фильтры",
        "semestr-text": "Семестр",
        "object-text": "Предмет",
        "object-1": "Математический анализ",
        "object-2": "Основы программирования",
        "object-3": "История Азербайджана",
        "object-4": "Гражданская оборона",
        "object-5": "Основы информационной безопасности",
        "object-6": "ДАОИЯ А1",
        "clean-filter-text": "Очистить фильтр",
        "syllabus-text": "Силлабус",
        "info-text": "Информация",
        "upload-text": "Загрузить",
        "no-data-text": "Результатов, соответствующих вашему запросу, не найдено",
        "select-object-text": "Выберите тему",
        "select-file-text": "Выберите файл",
        "cancel-text": "Отмена",
        "ok-text": "Подтвердить",
        "object-header": "Тема",
        "download-text": "Скачать",
        "lecture-text": "Лекция",
        "seminar-text": "Семинар",
        "presentation-text": "Презентация",
        "test-text": "Тест",
        "other-text": "Другое",
        "online": "Онлайн",
        "year": "Год",
        "semester": "Семестр",
        "II semester": "II Семестр",
        "I semester": "I Семестр",
        "subject": "Предмет",
        "exam-date": "Дата экзамена",
        "start-time": "Время начала",
        "end-time": "Время окончания",
        "entry-score": "Вступительный балл",
        "password": "Пароль",
        "exam-type": "Тип экзамена",
        "status": "Статус",
        "blocked": "Заблокировано",
        "last-exam-2": "Итоговый экзамен 2",
        "last-exam": "Итоговый экзамен",
        "last-exam-1": "Итоговый экзамен 1",
        "last-exam-3": "Итоговый экзамен 3",
        "midterm-1": "Промежуточный экзамен 1",
        "midterm-2": "Промежуточный экзамен 2",
        "midterm-3": "Промежуточный экзамен 3",
        "midterm-score": "Балл коллоквиума",
        "exam-form": "Форма проведения",
        "written-exam": "Письменный",
        "test-exam": "Электронный",
        "exam-score": "Балл экзамена",
        "exam-result": "Результат",
        "appeal-type": "Тип жалобы",
        "appeal-subtype": "Подтип жалобы",
        "appeal-status": "Статус жалобы",
        "category": "Категория",
        "note": "Примечание",
        "score-till-exam": "Балл до экзамена",
        "from-question": "Вопрос от",
        "increased-1point": "Добавлен 1 балл",
        "increased-2point": "Добавлено 2 балла",
        "unreasonable": "Необоснованно",
        "upload-text1": "Заявление",
        "education-year": "Учебный год",
        "exams": "Экзамены",
        "test-written": "тест-письменный",
        "test": "тест",
        "written": "письменный",
        "group-by-subject": "Группа по предмету",
        "technical": "технический",
        "last-score": "Итоговый балл",
        "document-no": "Номер документа",
        "course-name": "Название курса",
        "choose-subject": "Выберите предмет",
        "deadline": "Последняя дата отправки",
        "upload-date": "Дата отправки",
        "mark-date": "Дата оценки",
        "valuating": "Оценивается",
        "choose-theme": "Выберите тему",
        "comment": "Комментарий",
        "teacher": "Учитель",
        "lesson-type": "Тип урока",
        "start-date": "Дата начала",
        "video-record": "Видео запись",
        "theme-1": "Специалист по улучшению мобильных приложений (Android)",
        "theme-2": "Работа с матрицами. Вычисление обратной матрицы.",
        "theme-3": "Первобытнообщинный строй на территории Азербайджана.",
        "theme-4": "Культуры разных стран",
        "comment-1": "Проведенное исследование было успешным",
        "comment-2": "Удачи",
        "comment-3": "Очень хорошее исследование.",
        "group": "Группа",
        "lecture-start-date": "Дата начала лекции",
        "lecture-start-time": "Время начала лекции",
        "lecture-end-date": "Дата окончания лекции",
        "lecture-link": "Ссылка на лекцию",
        "theme-11": "История создания, роль и задачи гражданской обороны",
        "theme-12": "Классификация чрезвычайных ситуаций и их краткая характеристика",
        "theme-13": "Современное (массовое) оружие уничтожения. Ядерное оружие и его поражающие факторы",
        "theme-14": "Химическое и биологическое оружие и способы защиты от них",
        "theme-15": "Комиссия по чрезвычайным ситуациям. Роль и задачи Государственной системы по ликвидации последствий чрезвычайных ситуаций",
        "theme-16": "Невоенизированные формирования гражданской обороны",
        "theme-17": "Организация защиты населения в чрезвычайных ситуациях. Коллективные средства защиты и правила их использования",
        "theme-18": "Индивидуальные средства защиты и правила их использования. Эвакуация населения в чрезвычайных ситуациях",
        "taf-1": "Преподаватель, преподающий предмет, представил силлабус на 1-й учебной неделе и полностью объяснил всю информацию о нем",
        "taf-2": "Я считаю, что урок, пройденный учителем, важен для получения удовлетворительной оценки на коллоквиуме и экзаменах",
        "taf-3": "Учитель объясняет урок четко и ясно",
        "taf-4": "Учитель использует интерактивные методы (кейсы, презентации, синквейны, скетчи и т. д.)",
        "taf-5": "Учитель помогает студентам и во внеурочное время",
        "taf-6": "Учитель создает условия для активного участия студентов в классе",
        "taf-7": "Учитель строит общение со студентами на основе взаимного уважения и почтения",
        "taf-8": "Я рекомендую учителя другим ученикам",
        "taf-9": "Учебные материалы (текст лекции, презентация и т. д.), представленные учителем, являются новыми",
        "taf-10": "Я думаю, что задания и самостоятельные работы, данные учителем, полезны для меня",
        "discussion-channels": "Каналы обсуждения",
        "subweek": "Поднеделя",
        "mainweek": "Нормальная неделя",
        "topweek": "Верхняя неделя",
        "object-7": "ДАОИЯ А1",
        "object-8": "ДАОИЯ А2",
        "object-9": "Построение и анализ алгоритма",
        "object-10": "ДАКАЯ",
        "object-11": "Основы кибербезопасности",
        "object-12": "Линейная алгебра",
        "object-13": "Основы сети",
        "credit": "Кредит",
        "valuation": "Оценка",
        "date": "Дата",
        "theme": "Тема",
        "mark": "Оценка",
        "form": "Форма",
        "midterm-average": "Средний балл промежуточного экзамена",
        "seminar-average": "Средний балл семинара",
        "independent-works": "Самостоятельная работа",
        "lab-work": "Лабораторная работа",
        "course-work": "Курсовая работа",
        "current-rating": "Текущий рейтинг",
        "attendance-percentage": "Процент посещаемости",
        "seminar-max-score": "Максимальный балл (Семинар)",
        "midterm-max-score": "Максимальный балл (Промежуточный экзамен)",
        "midterm-question-number": "Количество вопросов на промежуточном экзамене",
        "final-till-exam": "Итоговый до экзамена",
        "exam-max-score": "Максимальный балл (Экзамен)",
        "lab-text": "Лаборатория",
        "object-text-all": "Все предметы"
    },
    "tr": {
        "transcript-text": "Transkript",
        "filter-text": "Filtreler",
        "semestr-text": "Dönem",
        "object-text": "Ders",
        "object-1": "Matematiksel analiz",
        "object-2": "Programlamanın temelleri",
        "object-3": "Azerbaycan tarihi",
        "object-4": "Sivil savunma",
        "object-5": "Bilgi güvenliğinin temelleri",
        "object-6": "DAOİYA A1",
        "clean-filter-text": "Filtreyi Temizle",
        "syllabus-text": "Syllabus",
        "info-text": "Bilgi",
        "upload-text": "Yükle",
        "no-data-text": "İsteğinize uygun Sonuç bulunamadı",
        "select-object-text": "Konu seçin",
        "select-file-text": "Dosya Seçin",
        "cancel-text": "İptal",
        "ok-text": "Onayla",
        "object-header": "Konu",
        "download-text": "İndir",
        "lecture-text": "Ders",
        "seminar-text": "Seminer",
        "presentation-text": "Sunum",
        "test-text": "Test",
        "other-text": "Diğer",
        "online": "Çevrimiçi",
        "year": "Yıl",
        "semester": "Dönem",
        "II semester": "II Dönem",
        "I semester": "I Dönem",
        "subject": "Ders",
        "exam-date": "Sınav Tarihi",
        "start-time": "Başlama Zamanı",
        "end-time": "Bitiş Zamanı",
        "entry-score": "Giriş Puanı",
        "password": "Şifre",
        "exam-type": "Sınav Türü",
        "status": "Durum",
        "blocked": "Engellendi",
        "last-exam-2": "Son sınav 2",
        "last-exam": "Son sınav",
        "last-exam-1": "Son sınav 1",
        "last-exam-3": "Son sınav 3",
        "midterm-1": "Ara sınav 1",
        "midterm-2": "Ara sınav 2",
        "midterm-3": "Ara sınav 3",
        "midterm-score": "kollokyum puanı",
        "exam-form": "Yapılış Şekli",
        "written-exam": "Yazılı",
        "test-exam": "Elektronik",
        "exam-score": "Sınav Puanı",
        "exam-result": "Sonuç",
        "appeal-type": "Şikayet türü",
        "appeal-subtype": "Şikayetin alt türü",
        "appeal-status": "Şikayet durumu",
        "category": "Kategori",
        "note": "Not",
        "score-till-exam": "Sınava kadar puan",
        "from-question": "Sorudan",
        "increased-1point": "1 puan eklendi",
        "increased-2point": "2 puan eklendi",
        "unreasonable": "Temelsiz",
        "upload-text1": "Dilekçe",
        "education-year": "Öğretim yılı",
        "exams": "Sınavlar",
        "test-written": "test-yazılı",
        "test": "test",
        "written": "yazılı",
        "group-by-subject": "Derse göre grup",
        "technical": "teknik",
        "last-score": "Son puan",
        "document-no": "Belge numarası",
        "course-name": "Kurs adı",
        "choose-subject": "Ders seçin",
        "deadline": "Son gönderilme tarihi",
        "upload-date": "Gönderilme tarihi",
        "mark-date": "Değerlendirme tarihi",
        "valuating": "Değerlendiriliyor",
        "choose-theme": "Konu seçin",
        "comment": "Yorum",
        "teacher": "Öğretmen",
        "lesson-type": "Ders türü",
        "start-date": "Başlama tarihi",
        "video-record": "Video kaydı",
        "theme-1": "Mobil uygulama geliştirme uzmanı (Android)",
        "theme-2": "Matrisler üzerinde çalışma. Matrisin tersinin hesaplanması.",
        "theme-3": "Azerbaycan topraklarında ilkel toplum düzeni.",
        "theme-4": "Farklı ülkelerin kültürleri",
        "comment-1": "Yapılan araştırma başarılı oldu",
        "comment-2": "başarılar",
        "comment-3": "Çok iyi bir araştırma.",
        "group": "Grup",
        "lecture-start-date": "Ders başlama tarihi",
        "lecture-start-time": "Ders başlama saati",
        "lecture-end-date": "Ders bitiş tarihi",
        "lecture-link": "Ders linki",
        "theme-11": "Sivil savunmanın kuruluş tarihi, rolü ve görevleri",
        "theme-12": "Olağanüstü hallerin sınıflandırılması ve kısa özellikleri",
        "theme-13": "Modern (kitlesel) imha silahları. Nükleer silah ve zarar verici faktörleri",
        "theme-14": "Kimyasal ve biyolojik silahlar ve onlardan korunma yöntemleri",
        "theme-15": "Olağanüstü Haller Komisyonu. Olağanüstü hallerin sonuçlarını ortadan kaldırmak için Devlet Sisteminin rolü ve görevleri",
        "theme-16": "Sivilleştirilmemiş sivil savunma birlikleri",
        "theme-17": "Olağanüstü hallerde halkın korunmasının organizasyonu. Toplu koruma yapıları ve kullanım kuralları",
        "theme-18": "Bireysel koruma araçları ve kullanım kuralları. Olağanüstü hallerde halkın tahliyesi",
        "taf-1": "Dersi veren öğretmen tarafından I. öğretim haftasında ders planı sunuldu ve tüm bilgiler eksiksiz açıklandı.",
        "taf-2": "Öğretmenin anlattığı dersin kollokyum ve sınavlardan başarılı not almak için önemli olduğuna inanıyorum.",
        "taf-3": "Öğretmen dersi akıcı ve anlaşılır bir şekilde anlatıyor",
        "taf-4": "Öğretmen etkileşimli yöntemler (örnek olaylar, sunumlar, beşli, skeçler vb.) kullanıyor",
        "taf-5": "Öğretmen öğrencilere ders dışı zamanlarda da yardımcı oluyor",
        "taf-6": "Öğretmen öğrencilerin derse aktif katılımı için koşullar yaratıyor",
        "taf-7": "Öğretmen öğrencilerle iletişimi karşılıklı saygı ve itibar temelinde kuruyor",
        "taf-8": "Öğretmeni diğer öğrencilere tavsiye ediyorum",
        "taf-9": "Öğretmenin sunduğu ders materyalleri (ders metni, sunum vb.) yenidir",
        "taf-10": "Öğretmenin verdiği ödevlerin, bağımsız çalışmaların benim için faydalı olduğunu düşünüyorum",
        "discussion-channels": "Tartışma kanalları",
        "subweek": "Alt Hafta",
        "mainweek": "Normal Hafta",
        "topweek": "Üst Hafta",
        "object-7": "XDİAK A1",
        "object-8": "XDİAK A2",
        "object-9": "Algoritma oluşturma ve analiz",
        "object-10": "ADİAK",
        "object-11": "Siber güvenliğin temelleri",
        "object-12": "Doğrusal cebir",
        "object-13": "Ağın temelleri",
        "credit": "Kredi",
        "valuation": "Değerlendirme",
        "date": "Tarih",
        "theme": "Konu",
        "mark": "Puan",
        "form": "Şekil",
        "midterm-average": "Ara sınav ortalama puanı",
        "seminar-average": "Seminerin ortalama puanı",
        "independent-works": "Bağımsız çalışma",
        "lab-work": "Laboratuvar çalışması",
        "course-work": "Dönem projesi",
        "current-rating": "Güncel değerlendirme",
        "attendance-percentage": "Devamsızlık yüzdesi",
        "seminar-max-score": "Maksimum puan (Seminer)",
        "midterm-max-score": "Maksimum puan (Ara sınav)",
        "midterm-question-number": "Ara sınavda soru sayısı",
        "final-till-exam": "Sınava kadar nihai",
        "exam-max-score": "Maksimum puan (Sınav)",
        "lab-text": "Laboratuvar",
        "object-text-all": "Tüm Dersler"
    },
    "en": {
        "transcript-text": "Transcript",
        "filter-text": "Filters",
        "semestr-text": "Semester",
        "object-text": "Subject",
        "object-1": "Mathematical analysis",
        "object-2": "Fundamentals of programming",
        "object-3": "History of Azerbaijan",
        "object-4": "Civil defense",
        "object-5": "Fundamentals of information security",
        "object-6": "DSAIA A1",
        "clean-filter-text": "Clean Filter",
        "syllabus-text": "Syllabus",
        "info-text": "Information",
        "upload-text": "Upload",
        "no-data-text": "No Results Found Matching Your Request",
        "select-object-text": "Select Subject",
        "select-file-text": "Select File",
        "cancel-text": "Cancel",
        "ok-text": "Confirm",
        "object-header": "Subject",
        "download-text": "Download",
        "lecture-text": "Lecture",
        "seminar-text": "Seminar",
        "presentation-text": "Presentation",
        "test-text": "Test",
        "other-text": "Other",
        "online": "Online",
        "year": "Year",
        "semester": "Semester",
        "II semester": "II Semester",
        "I semester": "I Semester",
        "subject": "Subject",
        "exam-date": "Exam Date",
        "start-time": "Start Time",
        "end-time": "End Time",
        "entry-score": "Entry Score",
        "password": "Password",
        "exam-type": "Exam Type",
        "status": "Status",
        "blocked": "Blocked",
        "last-exam-2": "Final exam 2",
        "last-exam": "Final exam",
        "last-exam-1": "Final exam 1",
        "last-exam-3": "Final exam 3",
        "midterm-1": "Midterm exam 1",
        "midterm-2": "Midterm exam 2",
        "midterm-3": "Midterm exam 3",
        "midterm-score": "colloquium score",
        "exam-form": "Form of conduct",
        "written-exam": "Written",
        "test-exam": "Electronic",
        "exam-score": "Exam Score",
        "exam-result": "Result",
        "appeal-type": "Appeal type",
        "appeal-subtype": "Appeal subtype",
        "appeal-status": "Appeal status",
        "category": "Category",
        "note": "Note",
        "score-till-exam": "Score before the exam",
        "from-question": "From question",
        "increased-1point": "Increased by 1 point",
        "increased-2point": "Increased by 2 points",
        "unreasonable": "Unreasonable",
        "upload-text1": "Application",
        "education-year": "Academic year",
        "exams": "Exams",
        "test-written": "test-written",
        "test": "test",
        "written": "written",
        "group-by-subject": "Group by subject",
        "technical": "technical",
        "last-score": "Final score",
        "document-no": "Document number",
        "course-name": "Course name",
        "choose-subject": "Choose subject",
        "deadline": "Deadline",
        "upload-date": "Upload date",
        "mark-date": "Valuation date",
        "valuating": "Evaluating",
        "choose-theme": "Choose theme",
        "comment": "Comment",
        "teacher": "Teacher",
        "lesson-type": "Lesson type",
        "start-date": "Start date",
        "video-record": "Video record",
        "theme-1": "Mobile application development specialist (Android)",
        "theme-2": "Work on matrices. Calculation of the inverse of the matrix.",
        "theme-3": "Primitive communal system in the territory of Azerbaijan.",
        "theme-4": "Cultures of different countries",
        "comment-1": "The research was successful",
        "comment-2": "Good luck",
        "comment-3": "Very good research.",
        "group": "Group",
        "lecture-start-date": "Lecture start date",
        "lecture-start-time": "Lecture start time",
        "lecture-end-date": "Lecture end date",
        "lecture-link": "Lecture link",
        "theme-11": "History of creation, role and tasks of civil defense",
        "theme-12": "Classification of emergency situations and their short characteristics",
        "theme-13": "Modern (mass) weapons of destruction. Nuclear weapons and their damaging factors",
        "theme-14": "Chemical and biological weapons and methods of protection against them",
        "theme-15": "Commission on Emergency Situations. The role and tasks of the State System for ликвидации последствий чрезвычайных ситуаций",
        "theme-16": "Non-militarized civil defense units",
        "theme-17": "Organization of public protection in emergency situations. Collective protection facilities and rules for their use",
        "theme-18": "Personal protective equipment and rules for their use. Evacuation of the population in emergency situations",
        "taf-1": "The teacher teaching the subject presented the syllabus in the 1st academic week and fully explained all the information about it",
        "taf-2": "I believe that the lesson taught by the teacher is important for getting a satisfactory grade in the colloquium and exams",
        "taf-3": "The teacher explains the lesson clearly and understandably",
        "taf-4": "The teacher uses interactive methods (cases, presentations, cinquains, sketches, etc.)",
        "taf-5": "The teacher helps students even in extracurricular time",
        "taf-6": "The teacher creates conditions for the active participation of students in the classroom",
        "taf-7": "The teacher builds communication with students on the basis of mutual respect and reverence",
        "taf-8": "I recommend the teacher to other students",
        "taf-9": "The teaching materials (lecture text, presentation, etc.) presented by the teacher are new",
        "taf-10": "I think that the assignments and independent work given by the teacher are useful for me",
        "discussion-channels": "Discussion channels",
        "subweek": "Subweek",
        "mainweek": "Normal Week",
        "topweek": "Top Week",
        "object-7": "DSAIA A1",
        "object-8": "DSAIA A2",
        "object-9": "Algorithm construction and analysis",
        "object-10": "ADSAI",
        "object-11": "Fundamentals of cybersecurity",
        "object-12": "Linear algebra",
        "object-13": "Basics of networking",
        "credit": "Credit",
        "valuation": "Valuation",
        "date": "Date",
        "theme": "Theme",
        "mark": "Mark",
        "form": "Form",
        "midterm-average": "Midterm average score",
        "seminar-average": "Seminar average score",
        "independent-works": "Independent work",
        "lab-work": "Lab work",
        "course-work": "Course work",
        "current-rating": "Current rating",
        "attendance-percentage": "Attendance percentage",
        "seminar-max-score": "Maximum score (Seminar)",
        "midterm-max-score": "Maximum score (Midterm exam)",
        "midterm-question-number": "Number of questions in the midterm exam",
        "final-till-exam": "Final before the exam",
        "exam-max-score": "Maximum score (Exam)",
        "lab-text": "Laboratory",
        "object-text-all": "All Subjects"
    }
}